Workbook

Sheet Item Inventory
A1: Bhagavan Medicals Inventory
A2: Item ID | B2: Item Name | C2: Category | D2: Quantity | E2: Supplier | F2: Cost Price | G2: Selling Price | H2: Expiry Date | I2: Number of Days to expire | J2: ABC_Class | K2: FSN_Class
A3: I001 | B3: 4U-Q10 Plus Cap | C3: Vitamins/Minerals | D3: 66 | E3: RSM Pharma | F3: 373.21818 | G3: 410.54 | H3: =_xlfn.XLOOKUP(B3,'[1]Raw Data Sales'!$B:$B,'[1]Raw Data Sales'!$G:$G,0) -> 46388 | I3: =H3-TODAY() -> 319 | J3: =_xlfn.XLOOKUP('Item Inventory'!C3,Table1[Category],Table1[ABC_Class],0) -> A | K3: =_xlfn.XLOOKUP(C3,Table1[Category],Table1[FSN_Class],0) -> F
A4: I002 | B4: AB Next Gel | C4: Pain Relief | D4: 95 | E4: RSM Pharma | F4: 332.22727 | G4: 365.45 | H4: =_xlfn.XLOOKUP(B4,'[1]Raw Data Sales'!$B:$B,'[1]Raw Data Sales'!$G:$G,0) -> 46419 | I4: =H4-TODAY() -> 350 | J4: =_xlfn.XLOOKUP('Item Inventory'!C4,Table1[Category],Table1[ABC_Class],0) -> A | K4: =_xlfn.XLOOKUP(C4,Table1[Category],Table1[FSN_Class],0) -> F
A5: I003 | B5: Accu Chek | C5: Respiratory | D5: 37 | E5: RSM Pharma | F5: 807.16364 | G5: 887.88 | H5: 46113 | I5: =H5-TODAY() -> 44 | J5: =_xlfn.XLOOKUP('Item Inventory'!C5,Table1[Category],Table1[ABC_Class],0) -> C | K5: =_xlfn.XLOOKUP(C5,Table1[Category],Table1[FSN_Class],0) -> S
A6: I004 | B6: Acne UV Gel | C6: Sunscreen | D6: 100 | E6: RSM Pharma | F6: 600.92727 | G6: 661.02 | H6: =_xlfn.XLOOKUP(B6,'[1]Raw Data Sales'!$B:$B,'[1]Raw Data Sales'!$G:$G,0) -> 46388 | I6: =H6-TODAY() -> 319 | J6: =_xlfn.XLOOKUP('Item Inventory'!C6,Table1[Category],Table1[ABC_Class],0) -> B | K6: =_xlfn.XLOOKUP(C6,Table1[Category],Table1[FSN_Class],0) -> N
A7: I005 | B7: Acnewin Face Wash | C7: Skincare | D7: 66 | E7: Mahaveer Medi Sales | F7: 155.87273 | G7: 171.46 | H7: =_xlfn.XLOOKUP(B7,'[1]Raw Data Sales'!$B:$B,'[1]Raw Data Sales'!$G:$G,0) -> 46905 | I7: =H7-TODAY() -> 836 | J7: =_xlfn.XLOOKUP('Item Inventory'!C7,Table1[Category],Table1[ABC_Class],0) -> A | K7: =_xlfn.XLOOKUP(C7,Table1[Category],Table1[FSN_Class],0) -> F
A8: I213 | B8: Xaliderm Solution | C8: Immunosuppresant | D8: 87 | E8: - | F8: - | G8: 299 | H8: 45901 | I8: =H8-TODAY() -> -168 | J8: C | K8: N
A9: I007 | B9: Alerid Syrup | C9: Anti-microbial | D9: 33 | E9: RSM Pharma | F9: 29.227273 | G9: 32.15 | H9: =_xlfn.XLOOKUP(B9,'[1]Raw Data Sales'!$B:$B,'[1]Raw Data Sales'!$G:$G,0) -> 46874 | I9: =H9-TODAY() -> 805 | J9: =_xlfn.XLOOKUP('Item Inventory'!C9,Table1[Category],Table1[ABC_Class],0) -> A | K9: =_xlfn.XLOOKUP(C9,Table1[Category],Table1[FSN_Class],0) -> F
A10: I008 | B10: Allegra 180MG Tab | C10: Anti-microbial | D10: 88 | E10: RSM Pharma | F10: 196.5 | G10: 216.15 | H10: =_xlfn.XLOOKUP(B10,'[1]Raw Data Sales'!$B:$B,'[1]Raw Data Sales'!$G:$G,0) -> 46508 | I10: =H10-TODAY() -> 439 | J10: =_xlfn.XLOOKUP('Item Inventory'!C10,Table1[Category],Table1[ABC_Class],0) -> A | K10: =_xlfn.XLOOKUP(C10,Table1[Category],Table1[FSN_Class],0) -> F
A11: I194 | B11: Terbinaforce 500 | C11: Anti-microbial | D11: 50 | E11: - | F11: - | G11: 184.47 | H11: 45839 | I11: =H11-TODAY() -> -230 | J11: =_xlfn.XLOOKUP('Item Inventory'!C196,Table1[Category],Table1[ABC_Class],0) -> A | K11: =_xlfn.XLOOKUP(C11,Table1[Category],Table1[FSN_Class],0) -> F
A12: I010 | B12: Amorolkite Cream | C12: Anti-microbial | D12: 94 | E12: Pride Pharma | F12: 374 | G12: 411.4 | H12: 46357 | I12: =H12-TODAY() -> 288 | J12: =_xlfn.XLOOKUP('Item Inventory'!C12,Table1[Category],Table1[ABC_Class],0) -> A | K12: =_xlfn.XLOOKUP(C12,Table1[Category],Table1[FSN_Class],0) -> F
A13: I011 | B13: Aquahance Mois Soap | C13: Skincare | D13: 56 | E13: Tulsi Corporation | F13: 169.49091 | G13: 186.44 | H13: 45748 | I13: =H13-TODAY() -> -321 | J13: =_xlfn.XLOOKUP('Item Inventory'!C13,Table1[Category],Table1[ABC_Class],0) -> A | K13: =_xlfn.XLOOKUP(C13,Table1[Category],Table1[FSN_Class],0) -> F
A14: I012 | B14: Aquahance Moisture | C14: Skincare | D14: 25 | E14: Ram Agencies | F14: 169.49091 | G14: 186.44 | H14: 46054 | I14: =H14-TODAY() -> -15 | J14: =_xlfn.XLOOKUP('Item Inventory'!C14,Table1[Category],Table1[ABC_Class],0) -> A | K14: =_xlfn.XLOOKUP(C14,Table1[Category],Table1[FSN_Class],0) -> F
A15: I013 | B15: Ascoril SF Syrup | C15: Cold/Cough | D15: 99 | E15: Ram Agencies | F15: 109.41818 | G15: 120.36 | H15: =_xlfn.XLOOKUP(B15,'[1]Raw Data Sales'!$B:$B,'[1]Raw Data Sales'!$G:$G,0) -> 46508 | I15: =H15-TODAY() -> 439 | J15: =_xlfn.XLOOKUP('Item Inventory'!C15,Table1[Category],Table1[ABC_Class],0) -> C | K15: =_xlfn.XLOOKUP(C15,Table1[Category],Table1[FSN_Class],0) -> N
A16: I014 | B16: Asthalin 4MG Tabs | C16: Respiratory | D16: 84 | E16: Ram Agencies | F16: 198.79091 | G16: 218.67 | H16: =_xlfn.XLOOKUP(B16,'[1]Raw Data Sales'!$B:$B,'[1]Raw Data Sales'!$G:$G,0) -> 46478 | I16: =H16-TODAY() -> 409 | J16: =_xlfn.XLOOKUP('Item Inventory'!C16,Table1[Category],Table1[ABC_Class],0) -> C | K16: =_xlfn.XLOOKUP(C16,Table1[Category],Table1[FSN_Class],0) -> S
A17: I015 | B17: Aten 50MG Tab | C17: Cardiovascular | D17: 83 | E17: Ram Agencies | F17: 24.381818 | G17: 26.82 | H17: =_xlfn.XLOOKUP(B17,'[1]Raw Data Sales'!$B:$B,'[1]Raw Data Sales'!$G:$G,0) -> 46874 | I17: =H17-TODAY() -> 805 | J17: =_xlfn.XLOOKUP('Item Inventory'!C17,Table1[Category],Table1[ABC_Class],0) -> B | K17: =_xlfn.XLOOKUP(C17,Table1[Category],Table1[FSN_Class],0) -> F
A18: I016 | B18: Atogla Lotion | C18: Skincare | D18: 41 | E18: Ram Agencies | F18: 391.37273 | G18: 430.51 | H18: 46137 | I18: =H18-TODAY() -> 68 | J18: =_xlfn.XLOOKUP('Item Inventory'!C18,Table1[Category],Table1[ABC_Class],0) -> A | K18: =_xlfn.XLOOKUP(C18,Table1[Category],Table1[FSN_Class],0) -> F
A19: I017 | B19: Atogla Skin Lotion | C19: Skincare | D19: 84 | E19: Tulsi Corporation | F19: 391.37273 | G19: 430.51 | H19: =_xlfn.XLOOKUP(B19,'[1]Raw Data Sales'!$B:$B,'[1]Raw Data Sales'!$G:$G,0) -> 46478 | I19: =H19-TODAY() -> 409 | J19: =_xlfn.XLOOKUP('Item Inventory'!C19,Table1[Category],Table1[ABC_Class],0) -> A | K19: =_xlfn.XLOOKUP(C19,Table1[Category],Table1[FSN_Class],0) -> F
A20: I018 | B20: Atorva Gold 10MG Cap | C20: Cardiovascular | D20: 86 | E20: Ram Agencies | F20: 45.172727 | G20: 49.69 | H20: =_xlfn.XLOOKUP(B20,'[1]Raw Data Sales'!$B:$B,'[1]Raw Data Sales'!$G:$G,0) -> 46478 | I20: =H20-TODAY() -> 409 | J20: =_xlfn.XLOOKUP('Item Inventory'!C20,Table1[Category],Table1[ABC_Class],0) -> B | K20: =_xlfn.XLOOKUP(C20,Table1[Category],Table1[FSN_Class],0) -> F
A21: I193 | B21: Tenolol 50MG | C21: Cardiovascular | D21: 37 | E21: - | F21: - | G21: 35 | H21: 46357 | I21: =H21-TODAY() -> 288 | J21: B | K21: =_xlfn.XLOOKUP(C21,Table1[Category],Table1[FSN_Class],0) -> F
A22: I020 | B22: Azee 500 Tabs | C22: Anti-microbial | D22: 81 | E22: Mahaveer Medi Sales | F22: 87.190909 | G22: 95.91 | H22: 46357 | I22: =H22-TODAY() -> 288 | J22: =_xlfn.XLOOKUP('Item Inventory'!C22,Table1[Category],Table1[ABC_Class],0) -> A | K22: =_xlfn.XLOOKUP(C22,Table1[Category],Table1[FSN_Class],0) -> F
A23: I021 | B23: Aziderm Plus Cream | C23: Skincare | D23: 53 | E23: Ram Agencies | F23: 225.97273 | G23: 248.57 | H23: 45748 | I23: =H23-TODAY() -> -321 | J23: =_xlfn.XLOOKUP('Item Inventory'!C23,Table1[Category],Table1[ABC_Class],0) -> A | K23: =_xlfn.XLOOKUP(C23,Table1[Category],Table1[FSN_Class],0) -> F
A24: I022 | B24: Azithral 500mg Tab | C24: Anti-microbial | D24: 80 | E24: Ram Agencies | F24: 87.190909 | G24: 95.91 | H24: 46091 | I24: =H24-TODAY() -> 22 | J24: =_xlfn.XLOOKUP('Item Inventory'!C24,Table1[Category],Table1[ABC_Class],0) -> A | K24: =_xlfn.XLOOKUP(C24,Table1[Category],Table1[FSN_Class],0) -> F
A25: I023 | B25: Bandy Plus Tab | C25: Anti-microbial | D25: 98 | E25: Ram Agencies | F25: 21.981818 | G25: 24.18 | H25: =_xlfn.XLOOKUP(B25,'[1]Raw Data Sales'!$B:$B,'[1]Raw Data Sales'!$G:$G,0) -> 46753 | I25: =H25-TODAY() -> 684 | J25: =_xlfn.XLOOKUP('Item Inventory'!C25,Table1[Category],Table1[ABC_Class],0) -> A | K25: =_xlfn.XLOOKUP(C25,Table1[Category],Table1[FSN_Class],0) -> F
A26: I024 | B26: Becadexamin Caps | C26: Vitamins/Minerals | D26: 82 | E26: Ram Agencies | F26: 84 | G26: 92.4 | H26: =_xlfn.XLOOKUP(B26,'[1]Raw Data Sales'!$B:$B,'[1]Raw Data Sales'!$G:$G,0) -> 46296 | I26: =H26-TODAY() -> 227 | J26: =_xlfn.XLOOKUP('Item Inventory'!C26,Table1[Category],Table1[ABC_Class],0) -> A | K26: =_xlfn.XLOOKUP(C26,Table1[Category],Table1[FSN_Class],0) -> F
A27: I025 | B27: Becosules Plus Syrup | C27: Vitamins/Minerals | D27: 54 | E27: Ram Agencies | F27: 71.418182 | G27: 78.56 | H27: =_xlfn.XLOOKUP(B27,'[1]Raw Data Sales'!$B:$B,'[1]Raw Data Sales'!$G:$G,0) -> 46204 | I27: =H27-TODAY() -> 135 | J27: =_xlfn.XLOOKUP('Item Inventory'!C27,Table1[Category],Table1[ABC_Class],0) -> A | K27: =_xlfn.XLOOKUP(C27,Table1[Category],Table1[FSN_Class],0) -> F
A28: I026 | B28: Behance Sunscreen | C28: Sunscreen | D28: 95 | E28: Avenues Pharma | F28: 555.3 | G28: 610.83 | H28: 46127 | I28: =H28-TODAY() -> 58 | J28: =_xlfn.XLOOKUP('Item Inventory'!C28,Table1[Category],Table1[ABC_Class],0) -> B | K28: =_xlfn.XLOOKUP(C28,Table1[Category],Table1[FSN_Class],0) -> N
A29: I027 | B29: Betadine G 2% | C29: First Aid | D29: 71 | E29: Ram Agencies | F29: 131.81818 | G29: 145 | H29: =_xlfn.XLOOKUP(B29,'[1]Raw Data Sales'!$B:$B,'[1]Raw Data Sales'!$G:$G,0) -> 46447 | I29: =H29-TODAY() -> 378 | J29: =_xlfn.XLOOKUP('Item Inventory'!C29,Table1[Category],Table1[ABC_Class],0) -> C | K29: =_xlfn.XLOOKUP(C29,Table1[Category],Table1[FSN_Class],0) -> N
A30: I028 | B30: Bilatis 20MG Tabs | C30: Anti-microbial | D30: 96 | E30: Ram Agencies | F30: 85.718182 | G30: 94.29 | H30: =_xlfn.XLOOKUP(B30,'[1]Raw Data Sales'!$B:$B,'[1]Raw Data Sales'!$G:$G,0) -> 46447 | I30: =H30-TODAY() -> 378 | J30: =_xlfn.XLOOKUP('Item Inventory'!C30,Table1[Category],Table1[ABC_Class],0) -> A | K30: =_xlfn.XLOOKUP(C30,Table1[Category],Table1[FSN_Class],0) -> F
A31: I029 | B31: Bimat LS Eye Drops | C31: Body Care | D31: 96 | E31: Ram Agencies | F31: 188.30909 | G31: 207.14 | H31: =_xlfn.XLOOKUP(B31,'[1]Raw Data Sales'!$B:$B,'[1]Raw Data Sales'!$G:$G,0) -> 46478 | I31: =H31-TODAY() -> 409 | J31: =_xlfn.XLOOKUP('Item Inventory'!C31,Table1[Category],Table1[ABC_Class],0) -> A | K31: =_xlfn.XLOOKUP(C31,Table1[Category],Table1[FSN_Class],0) -> S
A32: I030 | B32: Brufen 600 Tab | C32: Pain Relief | D32: 24 | E32: RSM Pharma | F32: 27.518182 | G32: 30.27 | H32: =_xlfn.XLOOKUP(B32,'[1]Raw Data Sales'!$B:$B,'[1]Raw Data Sales'!$G:$G,0) -> 46874 | I32: =H32-TODAY() -> 805 | J32: =_xlfn.XLOOKUP('Item Inventory'!C32,Table1[Category],Table1[ABC_Class],0) -> A | K32: =_xlfn.XLOOKUP(C32,Table1[Category],Table1[FSN_Class],0) -> F
A33: I031 | B33: Budamate 200 Transcaps | C33: Respiratory | D33: 32 | E33: RSM Pharma | F33: 126.91818 | G33: 139.61 | H33: =_xlfn.XLOOKUP(B33,'[1]Raw Data Sales'!$B:$B,'[1]Raw Data Sales'!$G:$G,0) -> 46508 | I33: =H33-TODAY() -> 439 | J33: =_xlfn.XLOOKUP('Item Inventory'!C33,Table1[Category],Table1[ABC_Class],0) -> C | K33: =_xlfn.XLOOKUP(C33,Table1[Category],Table1[FSN_Class],0) -> S
A34: I032 | B34: BuscoGast Tab | C34: Gastro Tabs | D34: 48 | E34: Mahaveer Medi Sales | F34: 30.272727 | G34: 33.3 | H34: 46151 | I34: =H34-TODAY() -> 82 | J34: =_xlfn.XLOOKUP('Item Inventory'!C34,Table1[Category],Table1[ABC_Class],0) -> B | K34: =_xlfn.XLOOKUP(C34,Table1[Category],Table1[FSN_Class],0) -> S
A35: I033 | B35: BX Shampoo | C35: Body Care | D35: 83 | E35: Ram Agencies | F35: 350.36364 | G35: 385.4 | H35: =_xlfn.XLOOKUP(B35,'[1]Raw Data Sales'!$B:$B,'[1]Raw Data Sales'!$G:$G,0) -> 46539 | I35: =H35-TODAY() -> 470 | J35: =_xlfn.XLOOKUP('Item Inventory'!C35,Table1[Category],Table1[ABC_Class],0) -> A | K35: =_xlfn.XLOOKUP(C35,Table1[Category],Table1[FSN_Class],0) -> S
A36: I034 | B36: Calosoft AF Lotion | C36: Skincare | D36: 49 | E36: Mahaveer Medi Sales | F36: 80.745455 | G36: 88.82 | H36: =_xlfn.XLOOKUP(B36,'[1]Raw Data Sales'!$B:$B,'[1]Raw Data Sales'!$G:$G,0) -> 46478 | I36: =H36-TODAY() -> 409 | J36: =_xlfn.XLOOKUP('Item Inventory'!C36,Table1[Category],Table1[ABC_Class],0) -> A | K36: =_xlfn.XLOOKUP(C36,Table1[Category],Table1[FSN_Class],0) -> F
A37: I035 | B37: Calpsor C Oint | C37: Anti-microbial | D37: 84 | E37: RSM Pharma | F37: 462.85455 | G37: 509.14 | H37: =_xlfn.XLOOKUP(B37,'[1]Raw Data Sales'!$B:$B,'[1]Raw Data Sales'!$G:$G,0) -> 46539 | I37: =H37-TODAY() -> 470 | J37: =_xlfn.XLOOKUP('Item Inventory'!C37,Table1[Category],Table1[ABC_Class],0) -> A | K37: =_xlfn.XLOOKUP(C37,Table1[Category],Table1[FSN_Class],0) -> F
A38: I036 | B38: Candid Cream | C38: Anti-microbial | D38: 56 | E38: Ram Agencies | F38: 65.454545 | G38: 72 | H38: =_xlfn.XLOOKUP(B38,'[1]Raw Data Sales'!$B:$B,'[1]Raw Data Sales'!$G:$G,0) -> 46388 | I38: =H38-TODAY() -> 319 | J38: =_xlfn.XLOOKUP('Item Inventory'!C38,Table1[Category],Table1[ABC_Class],0) -> A | K38: =_xlfn.XLOOKUP(C38,Table1[Category],Table1[FSN_Class],0) -> F
A39: I037 | B39: Candid Cream | C39: Anti-microbial | D39: 59 | E39: RSM Pharma | F39: 65.454545 | G39: 72 | H39: 46143 | I39: =H39-TODAY() -> 74 | J39: =_xlfn.XLOOKUP('Item Inventory'!C39,Table1[Category],Table1[ABC_Class],0) -> A | K39: =_xlfn.XLOOKUP(C39,Table1[Category],Table1[FSN_Class],0) -> F
A40: I038 | B40: Candiforce 200 Caps | C40: Anti-microbial | D40: 42 | E40: Ram Agencies | F40: 163.63636 | G40: 180 | H40: =_xlfn.XLOOKUP(B40,'[1]Raw Data Sales'!$B:$B,'[1]Raw Data Sales'!$G:$G,0) -> 46508 | I40: =H40-TODAY() -> 439 | J40: =_xlfn.XLOOKUP('Item Inventory'!C40,Table1[Category],Table1[ABC_Class],0) -> A | K40: =_xlfn.XLOOKUP(C40,Table1[Category],Table1[FSN_Class],0) -> F
A41: I039 | B41: Cetaphil Moisturising | C41: Skincare | D41: 90 | E41: Ram Agencies | F41: 412.32727 | G41: 453.56 | H41: =_xlfn.XLOOKUP(B41,'[1]Raw Data Sales'!$B:$B,'[1]Raw Data Sales'!$G:$G,0) -> 46874 | I41: =H41-TODAY() -> 805 | J41: =_xlfn.XLOOKUP('Item Inventory'!C41,Table1[Category],Table1[ABC_Class],0) -> A | K41: =_xlfn.XLOOKUP(C41,Table1[Category],Table1[FSN_Class],0) -> F
A42: I040 | B42: C-Facewash | C42: Skincare | D42: 57 | E42: Cosmonova Medicare | F42: 246.53636 | G42: 271.19 | H42: =_xlfn.XLOOKUP(B42,'[1]Raw Data Sales'!$B:$B,'[1]Raw Data Sales'!$G:$G,0) -> 46539 | I42: =H42-TODAY() -> 470 | J42: =_xlfn.XLOOKUP('Item Inventory'!C42,Table1[Category],Table1[ABC_Class],0) -> A | K42: =_xlfn.XLOOKUP(C42,Table1[Category],Table1[FSN_Class],0) -> F
A43: I041 | B43: Clenz AC Topical Gel | C43: Skincare | D43: 83 | E43: Ram Agencies | F43: 340.90909 | G43: 375 | H43: =_xlfn.XLOOKUP(B43,'[1]Raw Data Sales'!$B:$B,'[1]Raw Data Sales'!$G:$G,0) -> 46478 | I43: =H43-TODAY() -> 409 | J43: =_xlfn.XLOOKUP('Item Inventory'!C43,Table1[Category],Table1[ABC_Class],0) -> A | K43: =_xlfn.XLOOKUP(C43,Table1[Category],Table1[FSN_Class],0) -> F
A44: I042 | B44: Clincitop Gel | C44: Skincare | D44: 88 | E44: Mahaveer Medi Sales | F44: 25.227273 | G44: 27.75 | H44: =_xlfn.XLOOKUP(B44,'[1]Raw Data Sales'!$B:$B,'[1]Raw Data Sales'!$G:$G,0) -> 46478 | I44: =H44-TODAY() -> 409 | J44: =_xlfn.XLOOKUP('Item Inventory'!C44,Table1[Category],Table1[ABC_Class],0) -> A | K44: =_xlfn.XLOOKUP(C44,Table1[Category],Table1[FSN_Class],0) -> F
A45: I043 | B45: Clohex 150 ML | C45: Body Care | D45: 25 | E45: Ram Agencies | F45: 128.23636 | G45: 141.06 | H45: =_xlfn.XLOOKUP(B45,'[1]Raw Data Sales'!$B:$B,'[1]Raw Data Sales'!$G:$G,0) -> 46539 | I45: =H45-TODAY() -> 470 | J45: =_xlfn.XLOOKUP('Item Inventory'!C45,Table1[Category],Table1[ABC_Class],0) -> A | K45: =_xlfn.XLOOKUP(C45,Table1[Category],Table1[FSN_Class],0) -> S
A46: I044 | B46: Clop S Nano Lotion | C46: Anti-microbial | D46: 68 | E46: Mahaveer Medi Sales | F46: 150.35455 | G46: 165.39 | H46: =_xlfn.XLOOKUP(B46,'[1]Raw Data Sales'!$B:$B,'[1]Raw Data Sales'!$G:$G,0) -> 46539 | I46: =H46-TODAY() -> 470 | J46: =_xlfn.XLOOKUP('Item Inventory'!C46,Table1[Category],Table1[ABC_Class],0) -> A | K46: =_xlfn.XLOOKUP(C46,Table1[Category],Table1[FSN_Class],0) -> F
A47: I045 | B47: Concor 5 Tabs | C47: Cardiovascular | D47: 34 | E47: Ram Agencies | F47: 91.554545 | G47: 100.71 | H47: =_xlfn.XLOOKUP(B47,'[1]Raw Data Sales'!$B:$B,'[1]Raw Data Sales'!$G:$G,0) -> 46569 | I47: =H47-TODAY() -> 500 | J47: =_xlfn.XLOOKUP('Item Inventory'!C47,Table1[Category],Table1[ABC_Class],0) -> B | K47: =_xlfn.XLOOKUP(C47,Table1[Category],Table1[FSN_Class],0) -> F
A48: I046 | B48: Cosmelite Next Cream | C48: Skincare | D48: 80 | E48: Avenues Pharma | F48: 426.5 | G48: 469.15 | H48: =_xlfn.XLOOKUP(B48,'[1]Raw Data Sales'!$B:$B,'[1]Raw Data Sales'!$G:$G,0) -> 46539 | I48: =H48-TODAY() -> 470 | J48: =_xlfn.XLOOKUP('Item Inventory'!C48,Table1[Category],Table1[ABC_Class],0) -> A | K48: =_xlfn.XLOOKUP(C48,Table1[Category],Table1[FSN_Class],0) -> F
A49: I047 | B49: C-PRO Cream 30GM | C49: Skincare | D49: 71 | E49: Mahaveer Medi Sales | F49: 146.1 | G49: 160.71 | H49: =_xlfn.XLOOKUP(B49,'[1]Raw Data Sales'!$B:$B,'[1]Raw Data Sales'!$G:$G,0) -> 46266 | I49: =H49-TODAY() -> 197 | J49: =_xlfn.XLOOKUP('Item Inventory'!C49,Table1[Category],Table1[ABC_Class],0) -> A | K49: =_xlfn.XLOOKUP(C49,Table1[Category],Table1[FSN_Class],0) -> F
A50: I192 | B50: Tarsalic Lotion | C50: Skincare | D50: 58 | E50: - | F50: - | G50: 174.5 | H50: 45748 | I50: =H50-TODAY() -> -321 | J50: =_xlfn.XLOOKUP('Item Inventory'!C194,Table1[Category],Table1[ABC_Class],0) -> A | K50: =_xlfn.XLOOKUP(C50,Table1[Category],Table1[FSN_Class],0) -> F
A51: I049 | B51: Cuticlair Anti Acne Face Serum | C51: Skincare | D51: 65 | E51: Pride Pharma | F51: 588.69091 | G51: 647.56 | H51: 46357 | I51: =H51-TODAY() -> 288 | J51: =_xlfn.XLOOKUP('Item Inventory'!C51,Table1[Category],Table1[ABC_Class],0) -> A | K51: =_xlfn.XLOOKUP(C51,Table1[Category],Table1[FSN_Class],0) -> F
A52: I190 | B52: Tacrolimus | C52: Immunosuppresant | D52: 49 | E52: - | F52: - | G52: 249 | H52: 46054 | I52: =H52-TODAY() -> -15 | J52: C | K52: N
A53: I189 | B53: Supermet XL | C53: Cardiovascular | D53: 49 | E53: - | F53: - | G53: 63.5 | H53: 46023 | I53: =H53-TODAY() -> -46 | J53: =_xlfn.XLOOKUP('Item Inventory'!C191,Table1[Category],Table1[ABC_Class],0) -> A | K53: =_xlfn.XLOOKUP(C53,Table1[Category],Table1[FSN_Class],0) -> F
A54: I052 | B54: Dazit 10MG Tab | C54: Anti-microbial | D54: 75 | E54: Mahaveer Medi Sales | F54: 182.46364 | G54: 200.71 | H54: 45748 | I54: =H54-TODAY() -> -321 | J54: =_xlfn.XLOOKUP('Item Inventory'!C54,Table1[Category],Table1[ABC_Class],0) -> A | K54: =_xlfn.XLOOKUP(C54,Table1[Category],Table1[FSN_Class],0) -> F
A55: I053 | B55: Depiwhite eye gel | C55: Skincare | D55: 52 | E55: Mahaveer Medi Sales | F55: 459.78182 | G55: 505.76 | H55: 46054 | I55: =H55-TODAY() -> -15 | J55: =_xlfn.XLOOKUP('Item Inventory'!C55,Table1[Category],Table1[ABC_Class],0) -> A | K55: =_xlfn.XLOOKUP(C55,Table1[Category],Table1[FSN_Class],0) -> F
A56: I054 | B56: Dermadew Aloe Plus | C56: Skincare | D56: 65 | E56: Ram Agencies | F56: 155.31818 | G56: 170.85 | H56: =_xlfn.XLOOKUP(B56,'[1]Raw Data Sales'!$B:$B,'[1]Raw Data Sales'!$G:$G,0) -> 46478 | I56: =H56-TODAY() -> 409 | J56: =_xlfn.XLOOKUP('Item Inventory'!C56,Table1[Category],Table1[ABC_Class],0) -> A | K56: =_xlfn.XLOOKUP(C56,Table1[Category],Table1[FSN_Class],0) -> F
A57: I055 | B57: Disokem Lotion | C57: Skincare | D57: 44 | E57: JMJ Pharma | F57: 202.24545 | G57: 222.47 | H57: =_xlfn.XLOOKUP(B57,'[1]Raw Data Sales'!$B:$B,'[1]Raw Data Sales'!$G:$G,0) -> 46419 | I57: =H57-TODAY() -> 350 | J57: =_xlfn.XLOOKUP('Item Inventory'!C57,Table1[Category],Table1[ABC_Class],0) -> A | K57: =_xlfn.XLOOKUP(C57,Table1[Category],Table1[FSN_Class],0) -> F
A58: I056 | B58: Duphalac Syrup | C58: Gastro Tabs | D58: 84 | E58: Ram Agencies | F58: 227.27273 | G58: 250 | H58: =_xlfn.XLOOKUP(B58,'[1]Raw Data Sales'!$B:$B,'[1]Raw Data Sales'!$G:$G,0) -> 46508 | I58: =H58-TODAY() -> 439 | J58: =_xlfn.XLOOKUP('Item Inventory'!C58,Table1[Category],Table1[ABC_Class],0) -> B | K58: =_xlfn.XLOOKUP(C58,Table1[Category],Table1[FSN_Class],0) -> S
A59: I057 | B59: EASI Breathe Caps | C59: Respiratory | D59: 50 | E59: Mahaveer Medi Sales | F59: 21.5 | G59: 23.65 | H59: =_xlfn.XLOOKUP(B59,'[1]Raw Data Sales'!$B:$B,'[1]Raw Data Sales'!$G:$G,0) -> 46204 | I59: =H59-TODAY() -> 135 | J59: =_xlfn.XLOOKUP('Item Inventory'!C59,Table1[Category],Table1[ABC_Class],0) -> C | K59: =_xlfn.XLOOKUP(C59,Table1[Category],Table1[FSN_Class],0) -> S
A60: I058 | B60: EBAL 20 | C60: Body Care | D60: 90 | E60: Mahaveer Medi Sales | F60: 74.345455 | G60: 81.78 | H60: =_xlfn.XLOOKUP(B60,'[1]Raw Data Sales'!$B:$B,'[1]Raw Data Sales'!$G:$G,0) -> 46508 | I60: =H60-TODAY() -> 439 | J60: =_xlfn.XLOOKUP('Item Inventory'!C60,Table1[Category],Table1[ABC_Class],0) -> A | K60: =_xlfn.XLOOKUP(C60,Table1[Category],Table1[FSN_Class],0) -> S
A61: I059 | B61: EBAL 20 | C61: Immunosuppressant | D61: 53 | E61: RSM Pharma | F61: 74.354545 | G61: 81.79 | H61: =_xlfn.XLOOKUP(B61,'[1]Raw Data Sales'!$B:$B,'[1]Raw Data Sales'!$G:$G,0) -> 46508 | I61: =H61-TODAY() -> 439 | J61: =_xlfn.XLOOKUP('Item Inventory'!C61,Table1[Category],Table1[ABC_Class],0) -> C | K61: =_xlfn.XLOOKUP(C61,Table1[Category],Table1[FSN_Class],0) -> N
A62: I060 | B62: Eberfine XL Cream | C62: Anti-microbial | D62: 73 | E62: RSM Pharma | F62: 334.41818 | G62: 367.86 | H62: =_xlfn.XLOOKUP(B62,'[1]Raw Data Sales'!$B:$B,'[1]Raw Data Sales'!$G:$G,0) -> 46419 | I62: =H62-TODAY() -> 350 | J62: =_xlfn.XLOOKUP('Item Inventory'!C62,Table1[Category],Table1[ABC_Class],0) -> A | K62: =_xlfn.XLOOKUP(C62,Table1[Category],Table1[FSN_Class],0) -> F
A63: I061 | B63: Ebruma Cream | C63: Anti-microbial | D63: 94 | E63: Pride Pharma | F63: 374 | G63: 411.4 | H63: =_xlfn.XLOOKUP(B63,'[1]Raw Data Sales'!$B:$B,'[1]Raw Data Sales'!$G:$G,0) -> 46508 | I63: =H63-TODAY() -> 439 | J63: =_xlfn.XLOOKUP('Item Inventory'!C63,Table1[Category],Table1[ABC_Class],0) -> A | K63: =_xlfn.XLOOKUP(C63,Table1[Category],Table1[FSN_Class],0) -> F
A64: I062 | B64: Ecosprin AV 150/20 Caps | C64: Cardiovascular | D64: 69 | E64: Ram Agencies | F64: 35.627273 | G64: 39.19 | H64: =_xlfn.XLOOKUP(B64,'[1]Raw Data Sales'!$B:$B,'[1]Raw Data Sales'!$G:$G,0) -> 46569 | I64: =H64-TODAY() -> 500 | J64: =_xlfn.XLOOKUP('Item Inventory'!C64,Table1[Category],Table1[ABC_Class],0) -> B | K64: =_xlfn.XLOOKUP(C64,Table1[Category],Table1[FSN_Class],0) -> F
A65: I063 | B65: Electral Powder(BIG) | C65: Vitamins/Minerals | D65: 25 | E65: Ram Agencies | F65: 15.963636 | G65: 17.56 | H65: =_xlfn.XLOOKUP(B65,'[1]Raw Data Sales'!$B:$B,'[1]Raw Data Sales'!$G:$G,0) -> 46539 | I65: =H65-TODAY() -> 470 | J65: =_xlfn.XLOOKUP('Item Inventory'!C65,Table1[Category],Table1[ABC_Class],0) -> A | K65: =_xlfn.XLOOKUP(C65,Table1[Category],Table1[FSN_Class],0) -> F
A66: I064 | B66: Eltroxin 100MG Tabs | C66: Vitamins/Minerals | D66: 34 | E66: Ram Agencies | F66: 116.94545 | G66: 128.64 | H66: =_xlfn.XLOOKUP(B66,'[1]Raw Data Sales'!$B:$B,'[1]Raw Data Sales'!$G:$G,0) -> 46357 | I66: =H66-TODAY() -> 288 | J66: =_xlfn.XLOOKUP('Item Inventory'!C66,Table1[Category],Table1[ABC_Class],0) -> A | K66: =_xlfn.XLOOKUP(C66,Table1[Category],Table1[FSN_Class],0) -> F
A67: I065 | B67: Emolene Cream | C67: Skincare | D67: 94 | E67: Ram Agencies | F67: 246.75455 | G67: 271.43 | H67: =_xlfn.XLOOKUP(B67,'[1]Raw Data Sales'!$B:$B,'[1]Raw Data Sales'!$G:$G,0) -> 46478 | I67: =H67-TODAY() -> 409 | J67: =_xlfn.XLOOKUP('Item Inventory'!C67,Table1[Category],Table1[ABC_Class],0) -> A | K67: =_xlfn.XLOOKUP(C67,Table1[Category],Table1[FSN_Class],0) -> F
... A73: I071 | B73: Eumosone Cream | C73: Anti-microbial | D73: 20 | E73: Ram Agencies | F73: 79.218182 | G73: 87.14 | H73: =_xlfn.XLOOKUP(B73,'[1]Raw Data Sales'!$B:$B,'[1]Raw Data Sales'!$G:$G,0) -> 46204 | I73: =H73-TODAY() -> 135 | J73: =_xlfn.XLOOKUP('Item Inventory'!C73,Table1[Category],Table1[ABC_Class],0) -> A | K73: =_xlfn.XLOOKUP(C73,Table1[Category],Table1[FSN_Class],0) -> F
A74: I187 | B74: Suncros | C74: Sunscreen | D74: 24 | E74: - | F74: - | G74: 850 | H74: 46235 | I74: =H74-TODAY() -> 166 | J74: B | K74: =_xlfn.XLOOKUP(C74,Table1[Category],Table1[FSN_Class],0) -> N
A75: I073 | B75: Ezhh Cream | C75: Anti-microbial | D75: 39 | E75: RSM Pharma | F75: 224.02727 | G75: 246.43 | H75: =_xlfn.XLOOKUP(B75,'[1]Raw Data Sales'!$B:$B,'[1]Raw Data Sales'!$G:$G,0) -> 46478 | I75: =H75-TODAY() -> 409 | J75: =_xlfn.XLOOKUP('Item Inventory'!C75,Table1[Category],Table1[ABC_Class],0) -> A | K75: =_xlfn.XLOOKUP(C75,Table1[Category],Table1[FSN_Class],0) -> F
A76: I074 | B76: Fairvit Soap | C76: Skincare | D76: 38 | E76: JMJ Pharma | F76: 78.272727 | G76: 86.1 | H76: =_xlfn.XLOOKUP(B76,'[1]Raw Data Sales'!$B:$B,'[1]Raw Data Sales'!$G:$G,0) -> 46874 | I76: =H76-TODAY() -> 805 | J76: =_xlfn.XLOOKUP('Item Inventory'!C76,Table1[Category],Table1[ABC_Class],0) -> A | K76: =_xlfn.XLOOKUP(C76,Table1[Category],Table1[FSN_Class],0) -> F
A77: I184 | B77: Sirolimus | C77: Immunosuppresant | D77: 57 | E77: - | F77: - | G77: 13.55 | H77: 46113 | I77: =H77-TODAY() -> 44 | J77: C | K77: N
A78: I076 | B78: Finax 1MG Tab | C78: Body Care | D78: 100 | E78: Ram Agencies | F78: 246.42727 | G78: 271.07 | H78: =_xlfn.XLOOKUP(B78,'[1]Raw Data Sales'!$B:$B,'[1]Raw Data Sales'!$G:$G,0) -> 46539 | I78: =H78-TODAY() -> 470 | J78: =_xlfn.XLOOKUP('Item Inventory'!C78,Table1[Category],Table1[ABC_Class],0) -> A | K78: =_xlfn.XLOOKUP(C78,Table1[Category],Table1[FSN_Class],0) -> S
A79: I077 | B79: Fixon Cream | C79: First Aid | D79: 85 | E79: Ram Agencies | F79: 105.97273 | G79: 116.57 | H79: =_xlfn.XLOOKUP(B79,'[1]Raw Data Sales'!$B:$B,'[1]Raw Data Sales'!$G:$G,0) -> 46844 | I79: =H79-TODAY() -> 775 | J79: =_xlfn.XLOOKUP('Item Inventory'!C79,Table1[Category],Table1[ABC_Class],0) -> C | K79: =_xlfn.XLOOKUP(C79,Table1[Category],Table1[FSN_Class],0) -> N
A80: I078 | B80: Flawlizo Micro 0.04% Gel | C80: Skincare | D80: 44 | E80: RSM Pharma | F80: 97.4 | G80: 107.14 | H80: =_xlfn.XLOOKUP(B80,'[1]Raw Data Sales'!$B:$B,'[1]Raw Data Sales'!$G:$G,0) -> 46478 | I80: =H80-TODAY() -> 409 | J80: =_xlfn.XLOOKUP('Item Inventory'!C80,Table1[Category],Table1[ABC_Class],0) -> A | K80: =_xlfn.XLOOKUP(C80,Table1[Category],Table1[FSN_Class],0) -> F
A81: I079 | B81: Gentle Baby Wipes(72) | C81: Baby Care | D81: 41 | E81: Ram Agencies | F81: 53.245455 | G81: 58.57 | H81: =_xlfn.XLOOKUP(B81,'[1]Raw Data Sales'!$B:$B,'[1]Raw Data Sales'!$G:$G,0) -> 46478 | I81: =H81-TODAY() -> 409 | J81: =_xlfn.XLOOKUP('Item Inventory'!C81,Table1[Category],Table1[ABC_Class],0) -> C | K81: =_xlfn.XLOOKUP(C81,Table1[Category],Table1[FSN_Class],0) -> N
A82: I183 | B82: Sinarest | C82: Cold/Cough | D82: 36 | E82: - | F82: - | G82: 133.75 | H82: 47088 | I82: =H82-TODAY() -> 1019 | J82: =_xlfn.XLOOKUP('Item Inventory'!C185,Table1[Category],Table1[ABC_Class],0) -> A | K82: =_xlfn.XLOOKUP(C82,Table1[Category],Table1[FSN_Class],0) -> N
A83: I081 | B83: Glowzex Foaming Facewash | C83: Skincare | D83: 82 | E83: Santhosh Enterprises | F83: 319.91818 | G83: 351.91 | H83: =_xlfn.XLOOKUP(B83,'[1]Raw Data Sales'!$B:$B,'[1]Raw Data Sales'!$G:$G,0) -> 46296 | I83: =H83-TODAY() -> 227 | J83: =_xlfn.XLOOKUP('Item Inventory'!C83,Table1[Category],Table1[ABC_Class],0) -> A | K83: =_xlfn.XLOOKUP(C83,Table1[Category],Table1[FSN_Class],0) -> F
A84: I179 | B84: S-clear Cream | C84: Skincare | D84: 89 | E84: - | F84: - | G84: 247 | H84: 46143 | I84: =H84-TODAY() -> 74 | J84: =_xlfn.XLOOKUP('Item Inventory'!C181,Table1[Category],Table1[ABC_Class],0) -> B | K84: =_xlfn.XLOOKUP(C84,Table1[Category],Table1[FSN_Class],0) -> F
A85: I083 | B85: Gluformin G2 Tabs | C85: Diabetes | D85: 88 | E85: Ram Agencies | F85: 55.272727 | G85: 60.8 | H85: =_xlfn.XLOOKUP(B85,'[1]Raw Data Sales'!$B:$B,'[1]Raw Data Sales'!$G:$G,0) -> 46478 | I85: =H85-TODAY() -> 409 | J85: =_xlfn.XLOOKUP('Item Inventory'!C85,Table1[Category],Table1[ABC_Class],0) -> B | K85: =_xlfn.XLOOKUP(C85,Table1[Category],Table1[FSN_Class],0) -> S
A86: I084 | B86: Glutaclair Tablet | C86: Skincare | D86: 33 | E86: Pride Pharma | F86: 951.54545 | G86: 1046.7 | H86: =_xlfn.XLOOKUP(B86,'[1]Raw Data Sales'!$B:$B,'[1]Raw Data Sales'!$G:$G,0) -> 46327 | I86: =H86-TODAY() -> 258 | J86: =_xlfn.XLOOKUP('Item Inventory'!C86,Table1[Category],Table1[ABC_Class],0) -> A | K86: =_xlfn.XLOOKUP(C86,Table1[Category],Table1[FSN_Class],0) -> F
A87: I085 | B87: Glyciphage G1 | C87: Diabetes | D87: 49 | E87: RSM Pharma | F87: 60.645455 | G87: 66.71 | H87: =_xlfn.XLOOKUP(B87,'[1]Raw Data Sales'!$B:$B,'[1]Raw Data Sales'!$G:$G,0) -> 46661 | I87: =H87-TODAY() -> 592 | J87: =_xlfn.XLOOKUP('Item Inventory'!C87,Table1[Category],Table1[ABC_Class],0) -> B | K87: =_xlfn.XLOOKUP(C87,Table1[Category],Table1[FSN_Class],0) -> S
A88: I086 | B88: Glycomet 500 SR Tabs | C88: Diabetes | D88: 50 | E88: Ram Agencies | F88: 29.072727 | G88: 31.98 | H88: =_xlfn.XLOOKUP(B88,'[1]Raw Data Sales'!$B:$B,'[1]Raw Data Sales'!$G:$G,0) -> 46844 | I88: =H88-TODAY() -> 775 | J88: =_xlfn.XLOOKUP('Item Inventory'!C88,Table1[Category],Table1[ABC_Class],0) -> B | K88: =_xlfn.XLOOKUP(C88,Table1[Category],Table1[FSN_Class],0) -> S
A89: I087 | B89: Glycomet GP 1 Tabs | C89: Diabetes | D89: 44 | E89: RSM Pharma | F89: 108.40909 | G89: 119.25 | H89: =_xlfn.XLOOKUP(B89,'[1]Raw Data Sales'!$B:$B,'[1]Raw Data Sales'!$G:$G,0) -> 46539 | I89: =H89-TODAY() -> 470 | J89: =_xlfn.XLOOKUP('Item Inventory'!C89,Table1[Category],Table1[ABC_Class],0) -> B | K89: =_xlfn.XLOOKUP(C89,Table1[Category],Table1[FSN_Class],0) -> S
A90: I178 | B90: Rozalet 20 | C90: Cardiovascular | D90: 94 | E90: - | F90: - | G90: 225 | H90: 46327 | I90: =H90-TODAY() -> 258 | J90: =_xlfn.XLOOKUP('Item Inventory'!C180,Table1[Category],Table1[ABC_Class],0) -> B | K90: =_xlfn.XLOOKUP(C90,Table1[Category],Table1[FSN_Class],0) -> F
A91: I177 | B91: Rituximab | C91: Immunosuppresant | D91: 39 | E91: - | F91: - | G91: 126.5 | H91: 45901 | I91: =H91-TODAY() -> -168 | J91: C | K91: N
A92: I090 | B92: Glynium VT Inhaler | C92: Respiratory | D92: 27 | E92: RSM Pharma | F92: 518.82727 | G92: 570.71 | H92: =_xlfn.XLOOKUP(B92,'[1]Raw Data Sales'!$B:$B,'[1]Raw Data Sales'!$G:$G,0) -> 46143 | I92: =H92-TODAY() -> 74 | J92: =_xlfn.XLOOKUP('Item Inventory'!C92,Table1[Category],Table1[ABC_Class],0) -> C | K92: =_xlfn.XLOOKUP(C92,Table1[Category],Table1[FSN_Class],0) -> S
A93: I091 | B93: GP 3MG Tab | C93: Diabetes | D93: 77 | E93: RSM Pharma | F93: 98.381818 | G93: 108.22 | H93: =_xlfn.XLOOKUP(B93,'[1]Raw Data Sales'!$B:$B,'[1]Raw Data Sales'!$G:$G,0) -> 46569 | I93: =H93-TODAY() -> 500 | J93: =_xlfn.XLOOKUP('Item Inventory'!C93,Table1[Category],Table1[ABC_Class],0) -> B | K93: =_xlfn.XLOOKUP(C93,Table1[Category],Table1[FSN_Class],0) -> S
A94: I174 | B94: Propysalic Plus Lotion | C94: Anti-microbial | D94: 87 | E94: Ram Agencies | F94: 71.427273 | G94: 78.57 | H94: 46082 | I94: =H94-TODAY() -> 13 | J94: =_xlfn.XLOOKUP('Item Inventory'!C176,Table1[Category],Table1[ABC_Class],0) -> A | K94: =_xlfn.XLOOKUP(C94,Table1[Category],Table1[FSN_Class],0) -> F
A95: I093 | B95: Hairtamin Cap | C95: Vitamins/Minerals | D95: 33 | E95: Mahaveer Medi Sales | F95: 154.08182 | G95: 169.49 | H95: =_xlfn.XLOOKUP(B95,'[1]Raw Data Sales'!$B:$B,'[1]Raw Data Sales'!$G:$G,0) -> 46388 | I95: =H95-TODAY() -> 319 | J95: =_xlfn.XLOOKUP('Item Inventory'!C95,Table1[Category],Table1[ABC_Class],0) -> A | K95: =_xlfn.XLOOKUP(C95,Table1[Category],Table1[FSN_Class],0) -> F
A96: I094 | B96: Hansaplast WaterProof | C96: First Aid | D96: 36 | E96: RSM Pharma | F96: 163.63636 | G96: 180 | H96: =_xlfn.XLOOKUP(B96,'[1]Raw Data Sales'!$B:$B,'[1]Raw Data Sales'!$G:$G,0) -> 46905 | I96: =H96-TODAY() -> 836 | J96: =_xlfn.XLOOKUP('Item Inventory'!C96,Table1[Category],Table1[ABC_Class],0) -> C | K96: =_xlfn.XLOOKUP(C96,Table1[Category],Table1[FSN_Class],0) -> N
A97: I095 | B97: Hhcepo CV 325 Tabs | C97: Anti-microbial | D97: 97 | E97: Ram Agencies | F97: 217.53636 | G97: 239.29 | H97: =_xlfn.XLOOKUP(B97,'[1]Raw Data Sales'!$B:$B,'[1]Raw Data Sales'!$G:$G,0) -> 46204 | I97: =H97-TODAY() -> 135 | J97: =_xlfn.XLOOKUP('Item Inventory'!C97,Table1[Category],Table1[ABC_Class],0) -> A | K97: =_xlfn.XLOOKUP(C97,Table1[Category],Table1[FSN_Class],0) -> F
A98: I096 | B98: Hhfexo 180 Tabs | C98: Sunscreen | D98: 95 | E98: Avenues Pharma | F98: 120.12727 | G98: 132.14 | H98: =_xlfn.XLOOKUP(B98,'[1]Raw Data Sales'!$B:$B,'[1]Raw Data Sales'!$G:$G,0) -> 46508 | I98: =H98-TODAY() -> 439 | J98: =_xlfn.XLOOKUP('Item Inventory'!C98,Table1[Category],Table1[ABC_Class],0) -> B | K98: =_xlfn.XLOOKUP(C98,Table1[Category],Table1[FSN_Class],0) -> N
A99: I097 | B99: Hhlevo 5MG Tab | C99: Anti-microbial | D99: 85 | E99: RSM Pharma | F99: 59.736364 | G99: 65.71 | H99: =_xlfn.XLOOKUP(B99,'[1]Raw Data Sales'!$B:$B,'[1]Raw Data Sales'!$G:$G,0) -> 46508 | I99: =H99-TODAY() -> 439 | J99: =_xlfn.XLOOKUP('Item Inventory'!C99,Table1[Category],Table1[ABC_Class],0) -> A | K99: =_xlfn.XLOOKUP(C99,Table1[Category],Table1[FSN_Class],0) -> F
A100: I098 | B100: Hhomega + Cap | C100: Vitamins/Minerals | D100: 92 | E100: RSM Pharma | F100: 141.76364 | G100: 155.94 | H100: =_xlfn.XLOOKUP(B100,'[1]Raw Data Sales'!$B:$B,'[1]Raw Data Sales'!$G:$G,0) -> 46508 | I100: =H100-TODAY() -> 439 | J100: =_xlfn.XLOOKUP('Item Inventory'!C100,Table1[Category],Table1[ABC_Class],0) -> A | K100: =_xlfn.XLOOKUP(C100,Table1[Category],Table1[FSN_Class],0) -> F
A101: I099 | B101: Hhsone Cream | C101: Anti-microbial | D101: 52 | E101: Ram Agencies | F101: 135.71818 | G101: 149.29 | H101: =_xlfn.XLOOKUP(B101,'[1]Raw Data Sales'!$B:$B,'[1]Raw Data Sales'!$G:$G,0) -> 46478 | I101: =H101-TODAY() -> 409 | J101: =_xlfn.XLOOKUP('Item Inventory'!C101,Table1[Category],Table1[ABC_Class],0) -> A | K101: =_xlfn.XLOOKUP(C101,Table1[Category],Table1[FSN_Class],0) -> F
A102: I100 | B102: Huminsulin 30/70 | C102: Diabetes | D102: 34 | E102: Ram Agencies | F102: 128.72727 | G102: 141.6 | H102: =_xlfn.XLOOKUP(B102,'[1]Raw Data Sales'!$B:$B,'[1]Raw Data Sales'!$G:$G,0) -> 46478 | I102: =H102-TODAY() -> 409 | J102: =_xlfn.XLOOKUP('Item Inventory'!C102,Table1[Category],Table1[ABC_Class],0) -> B | K102: =_xlfn.XLOOKUP(C102,Table1[Category],Table1[FSN_Class],0) -> S
A103: I101 | B103: Hycort Cream | C103: Sunscreen | D103: 44 | E103: Avenues Pharma | F103: 119.1 | G103: 131.01 | H103: =_xlfn.XLOOKUP(B103,'[1]Raw Data Sales'!$B:$B,'[1]Raw Data Sales'!$G:$G,0) -> 46508 | I103: =H103-TODAY() -> 439 | J103: =_xlfn.XLOOKUP('Item Inventory'!C103,Table1[Category],Table1[ABC_Class],0) -> B | K103: =_xlfn.XLOOKUP(C103,Table1[Category],Table1[FSN_Class],0) -> N
A104: I102 | B104: Hydronic Lip Serum | C104: Skincare | D104: 88 | E104: RSM Pharma | F104: 159.62727 | G104: 175.59 | H104: =_xlfn.XLOOKUP(B104,'[1]Raw Data Sales'!$B:$B,'[1]Raw Data Sales'!$G:$G,0) -> 46569 | I104: =H104-TODAY() -> 500 | J104: =_xlfn.XLOOKUP('Item Inventory'!C104,Table1[Category],Table1[ABC_Class],0) -> A | K104: =_xlfn.XLOOKUP(C104,Table1[Category],Table1[FSN_Class],0) -> F
A105: I103 | B105: Ibugesic Plus Syp | C105: Pain Relief | D105: 95 | E105: Ram Agencies | F105: 39.218182 | G105: 43.14 | H105: =_xlfn.XLOOKUP(B105,'[1]Raw Data Sales'!$B:$B,'[1]Raw Data Sales'!$G:$G,0) -> 46508 | I105: =H105-TODAY() -> 439 | J105: =_xlfn.XLOOKUP('Item Inventory'!C105,Table1[Category],Table1[ABC_Class],0) -> A | K105: =_xlfn.XLOOKUP(C105,Table1[Category],Table1[FSN_Class],0) -> F
...

Sheet Inventory Control
A1: Category | B1: ABC_Class | C1: FSN_Class | D1: Expiry Risk | E1: Stock Policy | F1: Action Recommended
A2: Skincare | B2: A | C2: =_xlfn.XLOOKUP(A2,'[1]Analysis I'!$G$25:$G$39,'[1]Analysis I'!$L$25:$L$39,0) -> F | D2: HIGH | E2: Small and Frequent Orders | F2: Small batches ordered often to reduce expiry risk.
A3: Anti-microbial | B3: A | C3: =_xlfn.XLOOKUP(A3,'[1]Analysis I'!$G$25:$G$39,'[1]Analysis I'!$L$25:$L$39,0) -> F | D3: LOW | E3: Bulk Order | F3: Large quantity procurement for stable, low-expiry items.
A4: Body Care | B4: A | C4: =_xlfn.XLOOKUP(A4,'[1]Analysis I'!$G$25:$G$39,'[1]Analysis I'!$L$25:$L$39,0) -> S | D4: LOW | E4: Bulk Order | F4: Large quantity procurement for stable, low-expiry items.
A5: Vitamins/Minerals | B5: A | C5: =_xlfn.XLOOKUP(A5,'[1]Analysis I'!$G$25:$G$39,'[1]Analysis I'!$L$25:$L$39,0) -> F | D5: LOW | E5: Bulk Order | F5: Large quantity procurement for stable, low-expiry items.
A6: Pain Relief | B6: A | C6: =_xlfn.XLOOKUP(A6,'[1]Analysis I'!$G$25:$G$39,'[1]Analysis I'!$L$25:$L$39,0) -> F | D6: HIGH | E6: Small and Frequent Orders | F6: Small batches ordered often to reduce expiry risk.
A7: Cardiovascular | B7: B | C7: =_xlfn.XLOOKUP(A7,'[1]Analysis I'!$G$25:$G$39,'[1]Analysis I'!$L$25:$L$39,0) -> F | D7: MODERATE | E7: Controlled Replenishment | F7: Moderate ordering with regular stock review.
A8: Sunscreen | B8: B | C8: =_xlfn.XLOOKUP(A8,'[1]Analysis I'!$G$25:$G$39,'[1]Analysis I'!$L$25:$L$39,0) -> N | D8: MODERATE | E8: Controlled Replenishment | F8: Moderate ordering with regular stock review.
A9: Diabetes | B9: B | C9: =_xlfn.XLOOKUP(A9,'[1]Analysis I'!$G$25:$G$39,'[1]Analysis I'!$L$25:$L$39,0) -> S | D9: MODERATE | E9: Controlled Replenishment | F9: Moderate ordering with regular stock review.
A10: Gastro Tabs | B10: B | C10: =_xlfn.XLOOKUP(A10,'[1]Analysis I'!$G$25:$G$39,'[1]Analysis I'!$L$25:$L$39,0) -> S | D10: LOW | E10: Controlled Replenishment | F10: Moderate ordering with regular stock review.
A11: Respiratory | B11: C | C11: =_xlfn.XLOOKUP(A11,'[1]Analysis I'!$G$25:$G$39,'[1]Analysis I'!$L$25:$L$39,0) -> S | D11: LOW | E11: Order on Demand | F11: Procure only when demand arises.
A12: Cold/Cough | B12: C | C12: =_xlfn.XLOOKUP(A12,'[1]Analysis I'!$G$25:$G$39,'[1]Analysis I'!$L$25:$L$39,0) -> N | D12: LOW | E12: Order on Demand | F12: Procure only when demand arises.
A13: First Aid | B13: C | C13: =_xlfn.XLOOKUP(A13,'[1]Analysis I'!$G$25:$G$39,'[1]Analysis I'!$L$25:$L$39,0) -> N | D13: LOW | E13: Order on Demand | F13: Procure only when demand arises.
... A15: Immunosuppressant | B15: C | C15: =_xlfn.XLOOKUP(A15,'[1]Analysis I'!$G$25:$G$39,'[1]Analysis I'!$L$25:$L$39,0) -> N | D15: HIGH | E15: Discontinued | F15: Stop regular stocking due to persistent losses.
